<?xml version="1.0" encoding="UTF-8" ?>
<!DOCTYPE mapper PUBLIC "-//mybatis.org//DTD Mapper 3.0//EN" "http://mybatis.org/dtd/mybatis-3-mapper.dtd" >
<mapper namespace="com.mywork.mapper.AddressMapper" >
  <resultMap id="BaseResultMap" type="com.mywork.pojo.Address" >
    <id column="id" property="id" jdbcType="INTEGER" />
    <result column="userid" property="userid" jdbcType="INTEGER" />
    <result column="address" property="address" jdbcType="VARCHAR" />
    <result column="phone" property="phone" jdbcType="VARCHAR" />
    <result column="zipcode" property="zipcode" jdbcType="INTEGER" />
    <result column="username" property="username" jdbcType="VARCHAR" />
    <result column="bz1" property="bz1" jdbcType="INTEGER" />
    <result column="bz2" property="bz2" jdbcType="INTEGER" />
    <result column="bz3" property="bz3" jdbcType="VARCHAR" />
    <result column="bz4" property="bz4" jdbcType="VARCHAR" />
  </resultMap>
  <sql id="Example_Where_Clause" >
    <where >
      <foreach collection="oredCriteria" item="criteria" separator="or" >
        <if test="criteria.valid" >
          <trim prefix="(" suffix=")" prefixOverrides="and" >
            <foreach collection="criteria.criteria" item="criterion" >
              <choose >
                <when test="criterion.noValue" >
                  and ${criterion.condition}
                </when>
                <when test="criterion.singleValue" >
                  and ${criterion.condition} #{criterion.value}
                </when>
                <when test="criterion.betweenValue" >
                  and ${criterion.condition} #{criterion.value} and #{criterion.secondValue}
                </when>
                <when test="criterion.listValue" >
                  and ${criterion.condition}
                  <foreach collection="criterion.value" item="listItem" open="(" close=")" separator="," >
                    #{listItem}
                  </foreach>
                </when>
              </choose>
            </foreach>
          </trim>
        </if>
      </foreach>
    </where>
  </sql>
  <sql id="Update_By_Example_Where_Clause" >
    <where >
      <foreach collection="example.oredCriteria" item="criteria" separator="or" >
        <if test="criteria.valid" >
          <trim prefix="(" suffix=")" prefixOverrides="and" >
            <foreach collection="criteria.criteria" item="criterion" >
              <choose >
                <when test="criterion.noValue" >
                  and ${criterion.condition}
                </when>
                <when test="criterion.singleValue" >
                  and ${criterion.condition} #{criterion.value}
                </when>
                <when test="criterion.betweenValue" >
                  and ${criterion.condition} #{criterion.value} and #{criterion.secondValue}
                </when>
                <when test="criterion.listValue" >
                  and ${criterion.condition}
                  <foreach collection="criterion.value" item="listItem" open="(" close=")" separator="," >
                    #{listItem}
                  </foreach>
                </when>
              </choose>
            </foreach>
          </trim>
        </if>
      </foreach>
    </where>
  </sql>
  <sql id="Base_Column_List" >
    id, userid, address, phone, zipcode, username, bz1, bz2, bz3, bz4
  </sql>
  <select id="selectByPrimaryKey" resultMap="BaseResultMap" parameterType="java.lang.Integer" >
    select 
    <include refid="Base_Column_List" />
    from address
    where id = #{id,jdbcType=INTEGER}
  </select>
  
  <select id="selectByUserid" resultMap="BaseResultMap" parameterType="java.lang.Integer" >
    select 
    <include refid="Base_Column_List" />
    from address
    where userid = #{userid,jdbcType=INTEGER}
  </select>
  
  <delete id="deleteByPrimaryKey" parameterType="java.lang.Integer" >
    delete from address
    where id = #{id,jdbcType=INTEGER}
  </delete>
  <insert id="insert" parameterType="com.mywork.pojo.Address" >
    insert into address (id, userid, address, 
      phone, zipcode, username, 
      bz1, bz2, bz3, bz4
      )
    values (#{id,jdbcType=INTEGER}, #{userid,jdbcType=INTEGER}, #{address,jdbcType=VARCHAR}, 
      #{phone,jdbcType=VARCHAR}, #{zipcode,jdbcType=INTEGER}, #{username,jdbcType=VARCHAR}, 
      #{bz1,jdbcType=INTEGER}, #{bz2,jdbcType=INTEGER}, #{bz3,jdbcType=VARCHAR}, #{bz4,jdbcType=VARCHAR}
      )
  </insert>
  <insert id="insertSelective" parameterType="com.mywork.pojo.Address"  useGeneratedKeys="true" keyProperty="id">
    insert into address
    <trim prefix="(" suffix=")" suffixOverrides="," >
      <if test="id != null" >
        id,
      </if>
      <if test="userid != null" >
        userid,
      </if>
      <if test="address != null" >
        address,
      </if>
      <if test="phone != null" >
        phone,
      </if>
      <if test="zipcode != null" >
        zipcode,
      </if>
      <if test="username != null" >
        username,
      </if>
      <if test="bz1 != null" >
        bz1,
      </if>
      <if test="bz2 != null" >
        bz2,
      </if>
      <if test="bz3 != null" >
        bz3,
      </if>
      <if test="bz4 != null" >
        bz4,
      </if>
    </trim>
    <trim prefix="values (" suffix=")" suffixOverrides="," >
      <if test="id != null" >
        #{id,jdbcType=INTEGER},
      </if>
      <if test="userid != null" >
        #{userid,jdbcType=INTEGER},
      </if>
      <if test="address != null" >
        #{address,jdbcType=VARCHAR},
      </if>
      <if test="phone != null" >
        #{phone,jdbcType=VARCHAR},
      </if>
      <if test="zipcode != null" >
        #{zipcode,jdbcType=INTEGER},
      </if>
      <if test="username != null" >
        #{username,jdbcType=VARCHAR},
      </if>
      <if test="bz1 != null" >
        #{bz1,jdbcType=INTEGER},
      </if>
      <if test="bz2 != null" >
        #{bz2,jdbcType=INTEGER},
      </if>
      <if test="bz3 != null" >
        #{bz3,jdbcType=VARCHAR},
      </if>
      <if test="bz4 != null" >
        #{bz4,jdbcType=VARCHAR},
      </if>
    </trim>
  </insert>
  <update id="updateByExampleSelective" parameterType="map" >
    update address
    <set >
      <if test="record.id != null" >
        id = #{record.id,jdbcType=INTEGER},
      </if>
      <if test="record.userid != null" >
        userid = #{record.userid,jdbcType=INTEGER},
      </if>
      <if test="record.address != null" >
        address = #{record.address,jdbcType=VARCHAR},
      </if>
      <if test="record.phone != null" >
        phone = #{record.phone,jdbcType=VARCHAR},
      </if>
      <if test="record.zipcode != null" >
        zipcode = #{record.zipcode,jdbcType=INTEGER},
      </if>
      <if test="record.username != null" >
        username = #{record.username,jdbcType=VARCHAR},
      </if>
      <if test="record.bz1 != null" >
        bz1 = #{record.bz1,jdbcType=INTEGER},
      </if>
      <if test="record.bz2 != null" >
        bz2 = #{record.bz2,jdbcType=INTEGER},
      </if>
      <if test="record.bz3 != null" >
        bz3 = #{record.bz3,jdbcType=VARCHAR},
      </if>
      <if test="record.bz4 != null" >
        bz4 = #{record.bz4,jdbcType=VARCHAR},
      </if>
    </set>
    <if test="_parameter != null" >
      <include refid="Update_By_Example_Where_Clause" />
    </if>
  </update>
  <update id="updateByExample" parameterType="map" >
    update address
    set id = #{record.id,jdbcType=INTEGER},
      userid = #{record.userid,jdbcType=INTEGER},
      address = #{record.address,jdbcType=VARCHAR},
      phone = #{record.phone,jdbcType=VARCHAR},
      zipcode = #{record.zipcode,jdbcType=INTEGER},
      username = #{record.username,jdbcType=VARCHAR},
      bz1 = #{record.bz1,jdbcType=INTEGER},
      bz2 = #{record.bz2,jdbcType=INTEGER},
      bz3 = #{record.bz3,jdbcType=VARCHAR},
      bz4 = #{record.bz4,jdbcType=VARCHAR}
    <if test="_parameter != null" >
      <include refid="Update_By_Example_Where_Clause" />
    </if>
  </update>
  <update id="updateByPrimaryKeySelective" parameterType="com.mywork.pojo.Address" >
    update address
    <set >
      <if test="userid != null" >
        userid = #{userid,jdbcType=INTEGER},
      </if>
      <if test="address != null" >
        address = #{address,jdbcType=VARCHAR},
      </if>
      <if test="phone != null" >
        phone = #{phone,jdbcType=VARCHAR},
      </if>
      <if test="zipcode != null" >
        zipcode = #{zipcode,jdbcType=INTEGER},
      </if>
      <if test="username != null" >
        username = #{username,jdbcType=VARCHAR},
      </if>
      <if test="bz1 != null" >
        bz1 = #{bz1,jdbcType=INTEGER},
      </if>
      <if test="bz2 != null" >
        bz2 = #{bz2,jdbcType=INTEGER},
      </if>
      <if test="bz3 != null" >
        bz3 = #{bz3,jdbcType=VARCHAR},
      </if>
      <if test="bz4 != null" >
        bz4 = #{bz4,jdbcType=VARCHAR},
      </if>
    </set>
    where id = #{id,jdbcType=INTEGER}
  </update>
  <update id="updateByPrimaryKey" parameterType="com.mywork.pojo.Address" >
    update address
    set userid = #{userid,jdbcType=INTEGER},
      address = #{address,jdbcType=VARCHAR},
      phone = #{phone,jdbcType=VARCHAR},
      zipcode = #{zipcode,jdbcType=INTEGER},
      username = #{username,jdbcType=VARCHAR},
      bz1 = #{bz1,jdbcType=INTEGER},
      bz2 = #{bz2,jdbcType=INTEGER},
      bz3 = #{bz3,jdbcType=VARCHAR},
      bz4 = #{bz4,jdbcType=VARCHAR}
    where id = #{id,jdbcType=INTEGER}
  </update>
</mapper>