<?xml version="1.0" encoding="UTF-8" ?>
<!DOCTYPE mapper PUBLIC "-//mybatis.org//DTD Mapper 3.0//EN" "http://mybatis.org/dtd/mybatis-3-mapper.dtd" >
<mapper namespace="com.mywork.mapper.EvaluateMapper" >
  <resultMap id="BaseResultMap" type="com.mywork.pojo.Evaluate" >
    <result column="id" property="id" jdbcType="INTEGER" />
    <result column="toyid" property="toyid" jdbcType="INTEGER" />
    <result column="toynoid" property="toynoid" jdbcType="VARCHAR" />
    <result column="userid" property="userid" jdbcType="INTEGER" />
    <result column="scoring" property="scoring" jdbcType="INTEGER" />
    <result column="evaluate" property="evaluate" jdbcType="LONGVARCHAR" />
    <result column="bz1" property="bz1" jdbcType="INTEGER" />
    <result column="bz2" property="bz2" jdbcType="INTEGER" />
    <result column="bz3" property="bz3" jdbcType="VARCHAR" />
    <result column="bz4" property="bz4" jdbcType="VARCHAR" />
    <result column="bz5" property="bz5" jdbcType="DATE" />
    <result column="bz6" property="bz6" jdbcType="VARCHAR" />
  </resultMap>
  <resultMap id="ResultMapWithBLOBs" type="com.mywork.pojo.Evaluate" extends="BaseResultMap" >
    <result column="evaluate" property="evaluate" jdbcType="LONGVARCHAR" />
  </resultMap>
  <sql id="Example_Where_Clause" >
    <where >
      <foreach collection="oredCriteria" item="criteria" separator="or" >
        <if test="criteria.valid" >
          <trim prefix="(" suffix=")" prefixOverrides="and" >
            <foreach collection="criteria.criteria" item="criterion" >
              <choose >
                <when test="criterion.noValue" >
                  and ${criterion.condition}
                </when>
                <when test="criterion.singleValue" >
                  and ${criterion.condition} #{criterion.value}
                </when>
                <when test="criterion.betweenValue" >
                  and ${criterion.condition} #{criterion.value} and #{criterion.secondValue}
                </when>
                <when test="criterion.listValue" >
                  and ${criterion.condition}
                  <foreach collection="criterion.value" item="listItem" open="(" close=")" separator="," >
                    #{listItem}
                  </foreach>
                </when>
              </choose>
            </foreach>
          </trim>
        </if>
      </foreach>
    </where>
  </sql>
  <sql id="Update_By_Example_Where_Clause" >
    <where >
      <foreach collection="example.oredCriteria" item="criteria" separator="or" >
        <if test="criteria.valid" >
          <trim prefix="(" suffix=")" prefixOverrides="and" >
            <foreach collection="criteria.criteria" item="criterion" >
              <choose >
                <when test="criterion.noValue" >
                  and ${criterion.condition}
                </when>
                <when test="criterion.singleValue" >
                  and ${criterion.condition} #{criterion.value}
                </when>
                <when test="criterion.betweenValue" >
                  and ${criterion.condition} #{criterion.value} and #{criterion.secondValue}
                </when>
                <when test="criterion.listValue" >
                  and ${criterion.condition}
                  <foreach collection="criterion.value" item="listItem" open="(" close=")" separator="," >
                    #{listItem}
                  </foreach>
                </when>
              </choose>
            </foreach>
          </trim>
        </if>
      </foreach>
    </where>
  </sql>
  <sql id="Base_Column_List" >
    id, toyid, toynoid, userid, scoring,evaluate, bz1, bz2, bz3, bz4, bz5
  </sql>
  <sql id="Blob_Column_List" >
    evaluate
  </sql>
  
  
    <delete id="deleteByPrimaryKey" parameterType="java.lang.Integer" >
    delete from evaluate
    where id = #{id,jdbcType=INTEGER}
  </delete>
  
   <select id="selectByPrimaryKey" resultMap="BaseResultMap" parameterType="java.lang.Integer" >
    select 
    <include refid="Base_Column_List" />
    from evaluate
    where id = #{id,jdbcType=INTEGER}
  </select>
  

  
<select id="selectEvaluate" resultMap="BaseResultMap" parameterType="java.lang.Integer" >
  SELECT o.buydate as bz5,e.toyid as toyid,e.scoring as scoring,e.evaluate as evaluate, u.phone as bz6,t.toytype as bz2,o.img as bz4  from orderinfo o 
	LEFT JOIN evaluate e on o.evaluateid = e.id 
	LEFT JOIN user u on e.userid = u.userid 
	LEFT JOIN toyinfo t on e.toyid = t.id WHERE o.isevaluate = 1 and e.toyid =  #{toyid,jdbcType=INTEGER}
  </select>
  
  
  <insert id="insert" parameterType="com.mywork.pojo.Evaluate" >
    insert into evaluate (id, toyid, toynoid, 
      userid, scoring, bz1, 
      bz2, bz3, bz4, bz5, 
      evaluate)
    values (#{id,jdbcType=INTEGER}, #{toyid,jdbcType=INTEGER}, #{toynoid,jdbcType=VARCHAR}, 
      #{userid,jdbcType=INTEGER}, #{scoring,jdbcType=INTEGER}, #{bz1,jdbcType=INTEGER}, 
      #{bz2,jdbcType=INTEGER}, #{bz3,jdbcType=VARCHAR}, #{bz4,jdbcType=VARCHAR}, #{bz5,jdbcType=DATE}, 
      #{evaluate,jdbcType=LONGVARCHAR})
  </insert>
  <insert id="insertSelective" parameterType="com.mywork.pojo.Evaluate" useGeneratedKeys="true" keyProperty="id">
    insert into evaluate
    <trim prefix="(" suffix=")" suffixOverrides="," >
      <if test="id != null" >
        id,
      </if>
      <if test="toyid != null" >
        toyid,
      </if>
      <if test="toynoid != null" >
        toynoid,
      </if>
      <if test="userid != null" >
        userid,
      </if>
      <if test="scoring != null" >
        scoring,
      </if>
      <if test="bz1 != null" >
        bz1,
      </if>
      <if test="bz2 != null" >
        bz2,
      </if>
      <if test="bz3 != null" >
        bz3,
      </if>
      <if test="bz4 != null" >
        bz4,
      </if>
      <if test="bz5 != null" >
        bz5,
      </if>
      <if test="evaluate != null" >
        evaluate,
      </if>
    </trim>
    <trim prefix="values (" suffix=")" suffixOverrides="," >
      <if test="id != null" >
        #{id,jdbcType=INTEGER},
      </if>
      <if test="toyid != null" >
        #{toyid,jdbcType=INTEGER},
      </if>
      <if test="toynoid != null" >
        #{toynoid,jdbcType=VARCHAR},
      </if>
      <if test="userid != null" >
        #{userid,jdbcType=INTEGER},
      </if>
      <if test="scoring != null" >
        #{scoring,jdbcType=INTEGER},
      </if>
      <if test="bz1 != null" >
        #{bz1,jdbcType=INTEGER},
      </if>
      <if test="bz2 != null" >
        #{bz2,jdbcType=INTEGER},
      </if>
      <if test="bz3 != null" >
        #{bz3,jdbcType=VARCHAR},
      </if>
      <if test="bz4 != null" >
        #{bz4,jdbcType=VARCHAR},
      </if>
      <if test="bz5 != null" >
        #{bz5,jdbcType=DATE},
      </if>
      <if test="evaluate != null" >
        #{evaluate,jdbcType=LONGVARCHAR},
      </if>
    </trim>
  </insert>
  <update id="updateByExampleSelective" parameterType="map" >
    update evaluate
    <set >
      <if test="record.id != null" >
        id = #{record.id,jdbcType=INTEGER},
      </if>
      <if test="record.toyid != null" >
        toyid = #{record.toyid,jdbcType=INTEGER},
      </if>
      <if test="record.toynoid != null" >
        toynoid = #{record.toynoid,jdbcType=VARCHAR},
      </if>
      <if test="record.userid != null" >
        userid = #{record.userid,jdbcType=INTEGER},
      </if>
      <if test="record.scoring != null" >
        scoring = #{record.scoring,jdbcType=INTEGER},
      </if>
      <if test="record.bz1 != null" >
        bz1 = #{record.bz1,jdbcType=INTEGER},
      </if>
      <if test="record.bz2 != null" >
        bz2 = #{record.bz2,jdbcType=INTEGER},
      </if>
      <if test="record.bz3 != null" >
        bz3 = #{record.bz3,jdbcType=VARCHAR},
      </if>
      <if test="record.bz4 != null" >
        bz4 = #{record.bz4,jdbcType=VARCHAR},
      </if>
      <if test="record.bz5 != null" >
        bz5 = #{record.bz5,jdbcType=DATE},
      </if>
      <if test="record.evaluate != null" >
        evaluate = #{record.evaluate,jdbcType=LONGVARCHAR},
      </if>
    </set>
    <if test="_parameter != null" >
      <include refid="Update_By_Example_Where_Clause" />
    </if>
  </update>
  <update id="updateByExampleWithBLOBs" parameterType="map" >
    update evaluate
    set id = #{record.id,jdbcType=INTEGER},
      toyid = #{record.toyid,jdbcType=INTEGER},
      toynoid = #{record.toynoid,jdbcType=VARCHAR},
      userid = #{record.userid,jdbcType=INTEGER},
      scoring = #{record.scoring,jdbcType=INTEGER},
      bz1 = #{record.bz1,jdbcType=INTEGER},
      bz2 = #{record.bz2,jdbcType=INTEGER},
      bz3 = #{record.bz3,jdbcType=VARCHAR},
      bz4 = #{record.bz4,jdbcType=VARCHAR},
      bz5 = #{record.bz5,jdbcType=DATE},
      evaluate = #{record.evaluate,jdbcType=LONGVARCHAR}
    <if test="_parameter != null" >
      <include refid="Update_By_Example_Where_Clause" />
    </if>
  </update>
  <update id="updateByExample" parameterType="map" >
    update evaluate
    set id = #{record.id,jdbcType=INTEGER},
      toyid = #{record.toyid,jdbcType=INTEGER},
      toynoid = #{record.toynoid,jdbcType=VARCHAR},
      userid = #{record.userid,jdbcType=INTEGER},
      scoring = #{record.scoring,jdbcType=INTEGER},
      bz1 = #{record.bz1,jdbcType=INTEGER},
      bz2 = #{record.bz2,jdbcType=INTEGER},
      bz3 = #{record.bz3,jdbcType=VARCHAR},
      bz4 = #{record.bz4,jdbcType=VARCHAR},
      bz5 = #{record.bz5,jdbcType=DATE}
    <if test="_parameter != null" >
      <include refid="Update_By_Example_Where_Clause" />
    </if>
  </update>
</mapper>