<?xml version="1.0" encoding="UTF-8" ?>
<!DOCTYPE mapper PUBLIC "-//mybatis.org//DTD Mapper 3.0//EN" "http://mybatis.org/dtd/mybatis-3-mapper.dtd" >
<mapper namespace="com.mywork.mapper.OrderinfoMapper" >
  <resultMap id="BaseResultMap" type="com.mywork.pojo.Orderinfo" >
    <id column="id" property="id" jdbcType="INTEGER" />
    <result column="toynoid" property="toynoid" jdbcType="VARCHAR" />
    <result column="userid" property="userid" jdbcType="INTEGER" />
    <result column="username" property="username" jdbcType="VARCHAR" />
    <result column="toyid" property="toyid" jdbcType="INTEGER" />
    <result column="toyname" property="toyname" jdbcType="VARCHAR" />
    <result column="buynum" property="buynum" jdbcType="INTEGER" />
    <result column="totalprice" property="totalprice" jdbcType="DOUBLE" />
    <result column="buydate" property="buydate" jdbcType="DATE" />
    <result column="isevaluate" property="isevaluate" jdbcType="INTEGER" />
    <result column="evaluateid" property="evaluateid" jdbcType="INTEGER" />
    <result column="bz1" property="bz1" jdbcType="INTEGER" />
    <result column="bz2" property="bz2" jdbcType="INTEGER" />
    <result column="bz3" property="bz3" jdbcType="VARCHAR" />
    <result column="bz4" property="bz4" jdbcType="VARCHAR" />
    <result column="bz5" property="bz5" jdbcType="VARCHAR" />
    <result column="price" property="price" jdbcType="DOUBLE" />
    <result column="img" property="img" jdbcType="VARCHAR" />
    
    
    <result column="evalid" property="evalid" jdbcType="INTEGER" />
    <result column="scoring" property="scoring" jdbcType="INTEGER" />
    <result column="evaluate" property="evaluate" jdbcType="LONGVARCHAR" />
  </resultMap>
  <sql id="Example_Where_Clause" >
    <where >
      <foreach collection="oredCriteria" item="criteria" separator="or" >
        <if test="criteria.valid" >
          <trim prefix="(" suffix=")" prefixOverrides="and" >
            <foreach collection="criteria.criteria" item="criterion" >
              <choose >
                <when test="criterion.noValue" >
                  and ${criterion.condition}
                </when>
                <when test="criterion.singleValue" >
                  and ${criterion.condition} #{criterion.value}
                </when>
                <when test="criterion.betweenValue" >
                  and ${criterion.condition} #{criterion.value} and #{criterion.secondValue}
                </when>
                <when test="criterion.listValue" >
                  and ${criterion.condition}
                  <foreach collection="criterion.value" item="listItem" open="(" close=")" separator="," >
                    #{listItem}
                  </foreach>
                </when>
              </choose>
            </foreach>
          </trim>
        </if>
      </foreach>
    </where>
  </sql>
  <sql id="Update_By_Example_Where_Clause" >
    <where >
      <foreach collection="example.oredCriteria" item="criteria" separator="or" >
        <if test="criteria.valid" >
          <trim prefix="(" suffix=")" prefixOverrides="and" >
            <foreach collection="criteria.criteria" item="criterion" >
              <choose >
                <when test="criterion.noValue" >
                  and ${criterion.condition}
                </when>
                <when test="criterion.singleValue" >
                  and ${criterion.condition} #{criterion.value}
                </when>
                <when test="criterion.betweenValue" >
                  and ${criterion.condition} #{criterion.value} and #{criterion.secondValue}
                </when>
                <when test="criterion.listValue" >
                  and ${criterion.condition}
                  <foreach collection="criterion.value" item="listItem" open="(" close=")" separator="," >
                    #{listItem}
                  </foreach>
                </when>
              </choose>
            </foreach>
          </trim>
        </if>
      </foreach>
    </where>
  </sql>
  <sql id="Base_Column_List" >
    id, toynoid, userid, username, toyid, toyname, buynum, totalprice, buydate, isevaluate, 
    evaluateid, bz1, bz2, bz3, bz4,bz5,price,img
  </sql>
  <select id="selectByPrimaryKey" resultMap="BaseResultMap" parameterType="java.lang.Integer" >
    select 
    <include refid="Base_Column_List" />
    from orderinfo
    where id = #{id,jdbcType=INTEGER}
  </select>
      
<!--    <select id="selectEvaluateInfo" resultMap="BaseResultMap" parameterType="com.mywork.pojo.Orderinfo" >   
      SELECT e.id as evalid,o.id as id,e.toynoid,o.toyname,o.bz2,o.price,o.buynum,o.totalprice,o.buydate,o.username,e.scoring as scoring,e.evaluate as evaluate FROM evaluate e
	LEFT JOIN orderinfo o on e.toyid = o.toyid
	<where>
		<if test="toynoid!=null">
			o.toynoid = #{toynoid}
		</if>
		<if test="toyname!=null">
			and o.toyname like CONCAT (CONCAT('%',#{toyname}),'%') 
		</if>
	</where>
	GROUP BY e.id
     </select>   -->
     
     
     <select id="selectEvaluateInfo" resultMap="BaseResultMap" parameterType="com.mywork.pojo.Orderinfo" >   
		SELECT e.id as evalid,o.id as id,e.toynoid,o.toyname,o.bz2,o.price,o.buynum,o.totalprice,o.buydate,o.username,e.scoring as scoring,e.evaluate as evaluate 
		FROM orderinfo o
		RIGHT JOIN evaluate e on o.evaluateid = e.id
	<where>
		 o.bz1 = 4 and o.isevaluate = 1
		<if test="toynoid!=null">
			and o.toynoid = #{toynoid}
		</if>
		<if test="toyname!=null">
			and o.toyname like CONCAT (CONCAT('%',#{toyname}),'%') 
		</if>
	</where>
     </select>  
     
     
     <select id="selectOrderCount" resultType="java.lang.Integer">
		select count(id)   from orderinfo where bz1 in (1,3,4)
	</select>
	
	     <select id="selectOrderCountAll" resultType="java.lang.Integer">
		select count(id)   from orderinfo where bz1 in (1,3,4,5)
	</select>
	
     
     <select id="selectByUserIdPage" resultMap="BaseResultMap" parameterType="com.mywork.pojo.Orderinfo" >
    select 
    <include refid="Base_Column_List" />
    from orderinfo
    <where>
		<if test="userid!=null">
			userid = #{userid}
		</if>
		<if test="isevaluate!=null">
			and isevaluate = #{isevaluate}
		</if>
		<if test="bz1==null">
			and bz1 in(1,3,4,5)
		</if>
		<if test="bz1!=null">
			and bz1 = #{bz1}
		</if>
		<if test="toyname!=null">
			and toyname like CONCAT (CONCAT('%',#{toyname}),'%') 
		</if>
	</where>	
	order by id desc
	limit #{pageNum},#{pageSize}
  </select>
  
    <select id="selectByUserId" resultMap="BaseResultMap" parameterType="com.mywork.pojo.Orderinfo" >
    select 
    <include refid="Base_Column_List" />
    from orderinfo
    <where>
		<if test="userid!=null">
			userid = #{userid}
		</if>
		<if test="isevaluate!=null">
			and isevaluate = #{isevaluate}
		</if>
		<if test="bz1!=null">
			and bz1 in(1,3,4,5)
		</if>
	</where>	
	order by id desc
  </select>
  
  
  
     <select id="selectNotEvaluate" resultMap="BaseResultMap" parameterType="com.mywork.pojo.Orderinfo" >
    select 
    <include refid="Base_Column_List" />
    from orderinfo
    <where>
		<if test="userid!=null">
			userid = #{userid}
		</if>
		<if test="isevaluate!=null">
			and isevaluate = #{isevaluate}
		</if>
		<if test="bz1!=null">
			and bz1 = #{bz1}
		</if>
	</where>	
	order by id desc
  </select>
  
  
    <select id="selectCart" resultMap="BaseResultMap" parameterType="com.mywork.pojo.Orderinfo" >
    select 
    <include refid="Base_Column_List" />
    from orderinfo
    <where>
		<if test="userid!=null">
			userid = #{userid}
		</if>
		<if test="isevaluate!=null">
			and isevaluate = #{isevaluate}
		</if>
		<if test="bz1!=null">
			and bz1 = #{bz1}
		</if>
	</where>	
	order by id desc
  </select>
  
  
     <select id="selectByStatus" resultMap="BaseResultMap" parameterType="com.mywork.pojo.Orderinfo" >
    select 
    <include refid="Base_Column_List" />
    from orderinfo
    <where>
		<if test="userid!=null">
			userid = #{userid}
		</if>
		<if test="isevaluate!=null">
			and isevaluate = #{isevaluate}
		</if>
		<if test="bz1!=null">
			and bz1 =  #{bz1}
		</if>
	</where>	
	order by id desc
  </select>
  
  
     <select id="selectOrderInfo" resultMap="BaseResultMap" parameterType="com.mywork.pojo.Orderinfo" >
    select 
    <include refid="Base_Column_List" />
    from orderinfo  
    <where>
    	 bz1!=2
		<if test="username!=null">
			and username like CONCAT (CONCAT('%',#{username}),'%')
		</if>
		<if test="toynoid!=null">
			and toynoid = #{toynoid}
		</if>
		
	</where>	
	order by id desc
  </select>
  
  
   <select id="selectAllOrderList" resultMap="BaseResultMap" >
    SELECT   
    <include refid="Base_Column_List" /> 
    FROM orderinfo  where bz1 = 4
	order by id desc
  </select>
  
     <select id="selectIsShipList" resultMap="BaseResultMap" >
    SELECT   
    <include refid="Base_Column_List" /> 
    FROM orderinfo  where bz1 = 1
	order by id desc
  </select>
  
  	<update id="updateShip" parameterType="com.mywork.pojo.Orderinfo" >
  		update orderinfo set bz1= #{bz1} where  id = #{id,jdbcType=INTEGER}
  	
  	</update>
  
  
  
     <select id="selectcount" resultMap="BaseResultMap" parameterType="com.mywork.pojo.Orderinfo" >
    select 
    <include refid="Base_Column_List" />
    from orderinfo
    <where>
		<if test="userid!=null">
			userid = #{userid}
		</if>
		<if test="isevaluate!=null">
			and isevaluate = #{isevaluate}
		</if>
		<if test="bz1==null">
			and bz1 in(1,3,4,5)
		</if>
		<if test="bz1!=null">
			and bz1 = #{bz1}
		</if>
	</where>	
	order by id desc
  </select>
  
  <delete id="deleteByPrimaryKey" parameterType="java.lang.Integer" >
    delete from orderinfo
    where id = #{id,jdbcType=INTEGER}
  </delete>
  <insert id="insert" parameterType="com.mywork.pojo.Orderinfo" >
    insert into orderinfo (id, toynoid, userid, 
      username, toyid, toyname, 
      buynum, totalprice, buydate, 
      isevaluate, evaluateid, bz1, 
      bz2, bz3, bz4,price,img)
    values (#{id,jdbcType=INTEGER}, #{toynoid,jdbcType=VARCHAR}, #{userid,jdbcType=INTEGER}, 
      #{username,jdbcType=VARCHAR}, #{toyid,jdbcType=INTEGER}, #{toyname,jdbcType=VARCHAR}, 
      #{buynum,jdbcType=INTEGER}, #{totalprice,jdbcType=DOUBLE}, #{buydate,jdbcType=DATE}, 
      #{isevaluate,jdbcType=INTEGER}, #{evaluateid,jdbcType=INTEGER}, #{bz1,jdbcType=INTEGER}, 
      #{bz2,jdbcType=INTEGER}, #{bz3,jdbcType=VARCHAR}, #{bz4,jdbcType=VARCHAR}, #{price,jdbcType=DOUBLE}, #{img,jdbcType=VARCHAR})
  </insert>
  <insert id="insertSelective" parameterType="com.mywork.pojo.Orderinfo" useGeneratedKeys="true" keyProperty="id">
    insert into orderinfo
    <trim prefix="(" suffix=")" suffixOverrides="," >
      <if test="id != null" >
        id,
      </if>
      <if test="toynoid != null" >
        toynoid,
      </if>
      <if test="userid != null" >
        userid,
      </if>
      <if test="username != null" >
        username,
      </if>
      <if test="toyid != null" >
        toyid,
      </if>
      <if test="toyname != null" >
        toyname,
      </if>
      <if test="buynum != null" >
        buynum,
      </if>
      <if test="totalprice != null" >
        totalprice,
      </if>
      <if test="buydate != null" >
        buydate,
      </if>
      <if test="isevaluate != null" >
        isevaluate,
      </if>
      <if test="evaluateid != null" >
        evaluateid,
      </if>
      <if test="bz1 != null" >
        bz1,
      </if>
      <if test="bz2 != null" >
        bz2,
      </if>
      <if test="bz3 != null" >
        bz3,
      </if>
      <if test="bz4 != null" >
        bz4,
      </if>
       <if test="bz5 != null" >
        bz5,
      </if>
      <if test="price != null" >
        price,
      </if>
      <if test="img != null" >
        img,
      </if>
    </trim>
    <trim prefix="values (" suffix=")" suffixOverrides="," >
      <if test="id != null" >
        #{id,jdbcType=INTEGER},
      </if>
      <if test="toynoid != null" >
        #{toynoid,jdbcType=VARCHAR},
      </if>
      <if test="userid != null" >
        #{userid,jdbcType=INTEGER},
      </if>
      <if test="username != null" >
        #{username,jdbcType=VARCHAR},
      </if>
      <if test="toyid != null" >
        #{toyid,jdbcType=INTEGER},
      </if>
      <if test="toyname != null" >
        #{toyname,jdbcType=VARCHAR},
      </if>
      <if test="buynum != null" >
        #{buynum,jdbcType=INTEGER},
      </if>
      <if test="totalprice != null" >
        #{totalprice,jdbcType=DOUBLE},
      </if>
      <if test="buydate != null" >
        #{buydate,jdbcType=DATE},
      </if>
      <if test="isevaluate != null" >
        #{isevaluate,jdbcType=INTEGER},
      </if>
      <if test="evaluateid != null" >
        #{evaluateid,jdbcType=INTEGER},
      </if>
      <if test="bz1 != null" >
        #{bz1,jdbcType=INTEGER},
      </if>
      <if test="bz2 != null" >
        #{bz2,jdbcType=INTEGER},
      </if>
      <if test="bz3 != null" >
        #{bz3,jdbcType=VARCHAR},
      </if>
      <if test="bz4 != null" >
        #{bz4,jdbcType=VARCHAR},
      </if>
      <if test="bz5 != null" >
        #{bz5,jdbcType=VARCHAR},
      </if>
      <if test="price != null" >
        #{price,jdbcType=DOUBLE},
      </if>
      <if test="img != null" >
        #{img,jdbcType=VARCHAR},
      </if>
    </trim>
  </insert>
  <update id="updateByExampleSelective" parameterType="map" >
    update orderinfo
    <set >
      <if test="record.id != null" >
        id = #{record.id,jdbcType=INTEGER},
      </if>
      <if test="record.toynoid != null" >
        toynoid = #{record.toynoid,jdbcType=VARCHAR},
      </if>
      <if test="record.userid != null" >
        userid = #{record.userid,jdbcType=INTEGER},
      </if>
      <if test="record.username != null" >
        username = #{record.username,jdbcType=VARCHAR},
      </if>
      <if test="record.toyid != null" >
        toyid = #{record.toyid,jdbcType=INTEGER},
      </if>
      <if test="record.toyname != null" >
        toyname = #{record.toyname,jdbcType=VARCHAR},
      </if>
      <if test="record.buynum != null" >
        buynum = #{record.buynum,jdbcType=INTEGER},
      </if>
      <if test="record.totalprice != null" >
        totalprice = #{record.totalprice,jdbcType=DOUBLE},
      </if>
      <if test="record.buydate != null" >
        buydate = #{record.buydate,jdbcType=DATE},
      </if>
      <if test="record.isevaluate != null" >
        isevaluate = #{record.isevaluate,jdbcType=INTEGER},
      </if>
      <if test="record.evaluateid != null" >
        evaluateid = #{record.evaluateid,jdbcType=INTEGER},
      </if>
      <if test="record.bz1 != null" >
        bz1 = #{record.bz1,jdbcType=INTEGER},
      </if>
      <if test="record.bz2 != null" >
        bz2 = #{record.bz2,jdbcType=INTEGER},
      </if>
      <if test="record.bz3 != null" >
        bz3 = #{record.bz3,jdbcType=VARCHAR},
      </if>
      <if test="record.bz4 != null" >
        bz4 = #{record.bz4,jdbcType=VARCHAR},
      </if>
       <if test="record.bz5 != null" >
        bz5 = #{record.bz5,jdbcType=VARCHAR},
      </if>
      <if test="record.price != null" >
        price = #{record.price,jdbcType=DOUBLE},
      </if>
       <if test="record.img != null" >
        img = #{record.img,jdbcType=VARCHAR},
      </if>
    </set>
    <if test="_parameter != null" >
      <include refid="Update_By_Example_Where_Clause" />
    </if>
  </update>
  <update id="updateByExample" parameterType="map" >
    update orderinfo
    set id = #{record.id,jdbcType=INTEGER},
      toynoid = #{record.toynoid,jdbcType=VARCHAR},
      userid = #{record.userid,jdbcType=INTEGER},
      username = #{record.username,jdbcType=VARCHAR},
      toyid = #{record.toyid,jdbcType=INTEGER},
      toyname = #{record.toyname,jdbcType=VARCHAR},
      buynum = #{record.buynum,jdbcType=INTEGER},
      totalprice = #{record.totalprice,jdbcType=DOUBLE},
      buydate = #{record.buydate,jdbcType=DATE},
      isevaluate = #{record.isevaluate,jdbcType=INTEGER},
      evaluateid = #{record.evaluateid,jdbcType=INTEGER},
      bz1 = #{record.bz1,jdbcType=INTEGER},
      bz2 = #{record.bz2,jdbcType=INTEGER},
      bz3 = #{record.bz3,jdbcType=VARCHAR},
      bz4 = #{record.bz4,jdbcType=VARCHAR},
      bz5 = #{record.bz5,jdbcType=VARCHAR},
      price = #{record.price,jdbcType=DOUBLE},
      img = #{record.img,jdbcType=VARCHAR}
    <if test="_parameter != null" >
      <include refid="Update_By_Example_Where_Clause" />
    </if>
  </update>
  <update id="updateByPrimaryKeySelective" parameterType="com.mywork.pojo.Orderinfo" >
    update orderinfo
    <set >
      <if test="toynoid != null" >
        toynoid = #{toynoid,jdbcType=VARCHAR},
      </if>
      <if test="userid != null" >
        userid = #{userid,jdbcType=INTEGER},
      </if>
      <if test="username != null" >
        username = #{username,jdbcType=VARCHAR},
      </if>
      <if test="toyid != null" >
        toyid = #{toyid,jdbcType=INTEGER},
      </if>
      <if test="toyname != null" >
        toyname = #{toyname,jdbcType=VARCHAR},
      </if>
      <if test="buynum != null" >
        buynum = #{buynum,jdbcType=INTEGER},
      </if>
      <if test="totalprice != null" >
        totalprice = #{totalprice,jdbcType=DOUBLE},
      </if>
      <if test="buydate != null" >
        buydate = #{buydate,jdbcType=DATE},
      </if>
      <if test="isevaluate != null" >
        isevaluate = #{isevaluate,jdbcType=INTEGER},
      </if>
      <if test="evaluateid != null" >
        evaluateid = #{evaluateid,jdbcType=INTEGER},
      </if>
      <if test="bz1 != null" >
        bz1 = #{bz1,jdbcType=INTEGER},
      </if>
      <if test="bz2 != null" >
        bz2 = #{bz2,jdbcType=INTEGER},
      </if>
      <if test="bz3 != null" >
        bz3 = #{bz3,jdbcType=VARCHAR},
      </if>
      <if test="bz4 != null" >
        bz4 = #{bz4,jdbcType=VARCHAR},
      </if>
       <if test="bz5 != null" >
        bz5 = #{bz5,jdbcType=VARCHAR},
      </if>
      <if test="price != null" >
        price = #{price,jdbcType=DOUBLE},
      </if>
      <if test="img != null" >
        img = #{img,jdbcType=VARCHAR},
      </if>
    </set>
    where id = #{id,jdbcType=INTEGER}
  </update>
  <update id="updateByPrimaryKey" parameterType="com.mywork.pojo.Orderinfo" >
    update orderinfo
    set toynoid = #{toynoid,jdbcType=VARCHAR},
      userid = #{userid,jdbcType=INTEGER},
      username = #{username,jdbcType=VARCHAR},
      toyid = #{toyid,jdbcType=INTEGER},
      toyname = #{toyname,jdbcType=VARCHAR},
      buynum = #{buynum,jdbcType=INTEGER},
      totalprice = #{totalprice,jdbcType=DOUBLE},
      buydate = #{buydate,jdbcType=DATE},
      isevaluate = #{isevaluate,jdbcType=INTEGER},
      evaluateid = #{evaluateid,jdbcType=INTEGER},
      bz1 = #{bz1,jdbcType=INTEGER},
      bz2 = #{bz2,jdbcType=INTEGER},
      bz3 = #{bz3,jdbcType=VARCHAR},
      bz4 = #{bz4,jdbcType=VARCHAR},
      price = #{price,jdbcType=DOUBLE},
      img = #{img,jdbcType=VARCHAR}
    where id = #{id,jdbcType=INTEGER}
  </update>
</mapper>