<?xml version="1.0" encoding="UTF-8" ?>
<!DOCTYPE mapper
  PUBLIC "-//mybatis.org//DTD Mapper 3.0//EN"
  "http://mybatis.org/dtd/mybatis-3-mapper.dtd">
<mapper namespace="com.mywork.mapper.RoleMapper">
	
	<select id="getRoleById" resultType="com.mywork.pojo.Role">
		select roleid,rolename from role where roleid=#{0}
	</select>

	<select id="findAllRole" resultType="com.mywork.pojo.Role">
		<!-- select 项目:一定要跟实体类的属性字段一致. -->
		select roleid,rolename from role ORDER BY roleid
	</select>
	<select id="findRoleLikeName" resultType="com.mywork.pojo.Role">
		<!-- select 项目:一定要跟实体类的属性字段一致. -->
		select roleid,rolename from role where rolename LIKE #{0} ORDER BY roleid
	</select>
	<select id="findRoleByName" resultType="com.mywork.pojo.Role">
		<!-- select 项目:一定要跟实体类的属性字段一致. -->
		select roleid,rolename from role where rolename=#{0}
	</select>
	<select id="findMenuById" resultType="com.mywork.pojo.Menu">
		SELECT m.menuid,m.name,m.parentid from menu m
		LEFT JOIN role_menu rm ON m.menuId = rm.menuId
		WHERE rm.roleid = #{0}
	</select>
	<delete id="deleteRole">
		delete from role where roleid = #{0}
	</delete>
	<insert id="insertRoleByName" >
		INSERT INTO role(rolename) VALUES (#{0})
	</insert>
	<insert id="insertRole" >
		INSERT INTO role(roleid,rolename) VALUES (#{0},#{1})
	</insert>
	<insert id="addRoleMenu">
		INSERT INTO role_menu(roleid,menuid) VALUES (#{0},#{1})
	</insert>
</mapper>