<?xml version="1.0" encoding="UTF-8"?>
<!DOCTYPE mapper PUBLIC "-//mybatis.org//DTD Mapper 3.0//EN" "http://mybatis.org/dtd/mybatis-3-mapper.dtd">
<mapper namespace="com.mywork.mapper.ToyinfoMapper">
  <resultMap id="BaseResultMap" type="com.mywork.pojo.Toyinfo">
    <id column="id" jdbcType="INTEGER" property="id" />
    <result column="toyname" jdbcType="VARCHAR" property="toyname" />
    <result column="price" jdbcType="DOUBLE" property="price" />
    <result column="toytype" jdbcType="INTEGER" property="toytype" />
    <result column="istop" jdbcType="INTEGER" property="istop" />
    <result column="isdown" jdbcType="INTEGER" property="isdown" />
    <result column="totalnum" jdbcType="INTEGER" property="totalnum" />
    <result column="num" jdbcType="INTEGER" property="num" />
    <result column="img" jdbcType="VARCHAR" property="img" />
    <result column="bz1" jdbcType="INTEGER" property="bz1" />
    <result column="bz2" jdbcType="VARCHAR" property="bz2" />
  </resultMap>
  <sql id="Example_Where_Clause">
    <where>
      <foreach collection="oredCriteria" item="criteria" separator="or">
        <if test="criteria.valid">
          <trim prefix="(" prefixOverrides="and" suffix=")">
            <foreach collection="criteria.criteria" item="criterion">
              <choose>
                <when test="criterion.noValue">
                  and ${criterion.condition}
                </when>
                <when test="criterion.singleValue">
                  and ${criterion.condition} #{criterion.value}
                </when>
                <when test="criterion.betweenValue">
                  and ${criterion.condition} #{criterion.value} and #{criterion.secondValue}
                </when>
                <when test="criterion.listValue">
                  and ${criterion.condition}
                  <foreach close=")" collection="criterion.value" item="listItem" open="(" separator=",">
                    #{listItem}
                  </foreach>
                </when>
              </choose>
            </foreach>
          </trim>
        </if>
      </foreach>
    </where>
  </sql>
  <sql id="Update_By_Example_Where_Clause">
    <where>
      <foreach collection="example.oredCriteria" item="criteria" separator="or">
        <if test="criteria.valid">
          <trim prefix="(" prefixOverrides="and" suffix=")">
            <foreach collection="criteria.criteria" item="criterion">
              <choose>
                <when test="criterion.noValue">
                  and ${criterion.condition}
                </when>
                <when test="criterion.singleValue">
                  and ${criterion.condition} #{criterion.value}
                </when>
                <when test="criterion.betweenValue">
                  and ${criterion.condition} #{criterion.value} and #{criterion.secondValue}
                </when>
                <when test="criterion.listValue">
                  and ${criterion.condition}
                  <foreach close=")" collection="criterion.value" item="listItem" open="(" separator=",">
                    #{listItem}
                  </foreach>
                </when>
              </choose>
            </foreach>
          </trim>
        </if>
      </foreach>
    </where>
  </sql>
  <sql id="Base_Column_List">
    id, toyname, price, toytype, istop, isdown, totalnum, num, img, bz1, bz2
  </sql>
  <select id="selectByPrimaryKey" parameterType="java.lang.Integer" resultMap="BaseResultMap">
    select 
    <include refid="Base_Column_List" />
    from toyinfo
    where id = #{id,jdbcType=INTEGER}
  </select>
  
   <select id="selectToyCount" resultType="java.lang.Integer">
    select count(id) from toyinfo where isdown = 1
  </select>
  
  <select id="selectToyList" resultMap="BaseResultMap">
    select * from toyinfo
  </select> 
  
   <select id="selectToyListByRecord" resultMap="BaseResultMap" parameterType="com.mywork.pojo.Toyinfo">
    select * from toyinfo
    <where>
		<if test="toytype!=null">
    	and toytype = #{toytype,jdbcType=INTEGER}
   		 </if>
	    <if test="toyname!=null">
	    	and toyname like concat(concat('%',#{toyname}),'%')
	    </if>
		<if test="isdown!=null">
    		and isdown = #{isdown,jdbcType=INTEGER}
   		 </if>
	</where>
  </select> 
  
   <select id="checkCartOrderInfo" parameterType="java.lang.Integer" resultMap="BaseResultMap">
    select * from toyinfo where isdown = 1 and  num &lt; totalnum
 	 and id = #{id,jdbcType=INTEGER}
   </select> 
  
   <select id="selectIsDownToyList" parameterType="com.mywork.pojo.Toyinfo" resultMap="BaseResultMap">
    select * from toyinfo where isdown = 1  and num &lt; totalnum
    <if test="toytype==null and toyname==null">
    	and istop=1
    </if>
   
    <if test="toytype!=null">
    	and toytype = #{toytype,jdbcType=INTEGER}
    </if>
     <if test="toyname!=null">
    	and toyname like concat(concat('%',#{toyname}),'%')
    </if>
    <if test="num!=null and num ==2">
    	 ORDER BY num desc
    </if>
    <if test="num!=null and num ==3">
    	 ORDER BY num asc
    </if>
    <if test="num!=null and num ==4">
    	 ORDER BY price desc
    </if>
    <if test="num!=null and num ==5">
    	 ORDER BY price asc
    </if>
     <if test="istop!=null">
    	order by id desc 
    </if>
    
  </select> 
  
    <update id="updateNum" parameterType="com.mywork.pojo.Toyinfo">
    update toyinfo set  num = num + #{num,jdbcType=INTEGER} 
    where id = #{id,jdbcType=INTEGER}
  </update>
  
  
     <update id="updateDown" parameterType="com.mywork.pojo.Toyinfo">
    update toyinfo set  isdown = #{isdown,jdbcType=INTEGER} 
    where id = #{id,jdbcType=INTEGER}
  </update>
  
       <update id="updateIstop" parameterType="com.mywork.pojo.Toyinfo">
    update toyinfo set  istop = #{istop,jdbcType=INTEGER} 
    where id = #{id,jdbcType=INTEGER}
  </update>
  
  
  
  <delete id="deleteByPrimaryKey" parameterType="java.lang.Integer">
    delete from toyinfo
    where id = #{id,jdbcType=INTEGER}
  </delete>
  <insert id="insert" parameterType="com.mywork.pojo.Toyinfo">
    insert into toyinfo (id, toyname, price, 
      toytype, istop, isdown, 
      totalnum, num, img, 
      bz1, bz2)
    values (#{id,jdbcType=INTEGER}, #{toyname,jdbcType=VARCHAR}, #{price,jdbcType=DOUBLE}, 
      #{toytype,jdbcType=INTEGER}, #{istop,jdbcType=INTEGER}, #{isdown,jdbcType=INTEGER}, 
      #{totalnum,jdbcType=INTEGER}, #{num,jdbcType=INTEGER}, #{img,jdbcType=VARCHAR}, 
      #{bz1,jdbcType=INTEGER}, #{bz2,jdbcType=VARCHAR})
  </insert>
  <insert id="insertSelective" parameterType="com.mywork.pojo.Toyinfo">
    insert into toyinfo
    <trim prefix="(" suffix=")" suffixOverrides=",">
      <if test="id != null">
        id,
      </if>
      <if test="toyname != null">
        toyname,
      </if>
      <if test="price != null">
        price,
      </if>
      <if test="toytype != null">
        toytype,
      </if>
      <if test="istop != null">
        istop,
      </if>
      <if test="isdown != null">
        isdown,
      </if>
      <if test="totalnum != null">
        totalnum,
      </if>
      <if test="num != null">
        num,
      </if>
      <if test="img != null">
        img,
      </if>
      <if test="bz1 != null">
        bz1,
      </if>
      <if test="bz2 != null">
        bz2,
      </if>
    </trim>
    <trim prefix="values (" suffix=")" suffixOverrides=",">
      <if test="id != null">
        #{id,jdbcType=INTEGER},
      </if>
      <if test="toyname != null">
        #{toyname,jdbcType=VARCHAR},
      </if>
      <if test="price != null">
        #{price,jdbcType=DOUBLE},
      </if>
      <if test="toytype != null">
        #{toytype,jdbcType=INTEGER},
      </if>
      <if test="istop != null">
        #{istop,jdbcType=INTEGER},
      </if>
      <if test="isdown != null">
        #{isdown,jdbcType=INTEGER},
      </if>
      <if test="totalnum != null">
        #{totalnum,jdbcType=INTEGER},
      </if>
      <if test="num != null">
        #{num,jdbcType=INTEGER},
      </if>
      <if test="img != null">
        #{img,jdbcType=VARCHAR},
      </if>
      <if test="bz1 != null">
        #{bz1,jdbcType=INTEGER},
      </if>
      <if test="bz2 != null">
        #{bz2,jdbcType=VARCHAR},
      </if>
    </trim>
  </insert>
  
  <update id="updateByExampleSelective" parameterType="map">
    update toyinfo
    <set>
      <if test="record.id != null">
        id = #{record.id,jdbcType=INTEGER},
      </if>
      <if test="record.toyname != null">
        toyname = #{record.toyname,jdbcType=VARCHAR},
      </if>
      <if test="record.price != null">
        price = #{record.price,jdbcType=DOUBLE},
      </if>
      <if test="record.toytype != null">
        toytype = #{record.toytype,jdbcType=INTEGER},
      </if>
      <if test="record.istop != null">
        istop = #{record.istop,jdbcType=INTEGER},
      </if>
      <if test="record.isdown != null">
        isdown = #{record.isdown,jdbcType=INTEGER},
      </if>
      <if test="record.totalnum != null">
        totalnum = #{record.totalnum,jdbcType=INTEGER},
      </if>
      <if test="record.num != null">
        num = #{record.num,jdbcType=INTEGER},
      </if>
      <if test="record.img != null">
        img = #{record.img,jdbcType=VARCHAR},
      </if>
      <if test="record.bz1 != null">
        bz1 = #{record.bz1,jdbcType=INTEGER},
      </if>
      <if test="record.bz2 != null">
        bz2 = #{record.bz2,jdbcType=VARCHAR},
      </if>
    </set>
    <if test="_parameter != null">
      <include refid="Update_By_Example_Where_Clause" />
    </if>
  </update>
  
  <update id="updateByExample" parameterType="map">
    update toyinfo
    set id = #{record.id,jdbcType=INTEGER},
      toyname = #{record.toyname,jdbcType=VARCHAR},
      price = #{record.price,jdbcType=DOUBLE},
      toytype = #{record.toytype,jdbcType=INTEGER},
      istop = #{record.istop,jdbcType=INTEGER},
      isdown = #{record.isdown,jdbcType=INTEGER},
      totalnum = #{record.totalnum,jdbcType=INTEGER},
      num = #{record.num,jdbcType=INTEGER},
      img = #{record.img,jdbcType=VARCHAR},
      bz1 = #{record.bz1,jdbcType=INTEGER},
      bz2 = #{record.bz2,jdbcType=VARCHAR}
    <if test="_parameter != null">
      <include refid="Update_By_Example_Where_Clause" />
    </if>
  </update>
  
  <update id="updateByPrimaryKeySelective" parameterType="com.mywork.pojo.Toyinfo">
    update toyinfo
    <set>
      <if test="toyname != null">
        toyname = #{toyname,jdbcType=VARCHAR},
      </if>
      <if test="price != null">
        price = #{price,jdbcType=DOUBLE},
      </if>
      <if test="toytype != null">
        toytype = #{toytype,jdbcType=INTEGER},
      </if>
      <if test="istop != null">
        istop = #{istop,jdbcType=INTEGER},
      </if>
      <if test="isdown != null">
        isdown = #{isdown,jdbcType=INTEGER},
      </if>
      <if test="totalnum != null">
        totalnum = #{totalnum,jdbcType=INTEGER},
      </if>
      <if test="num != null">
        num = #{num,jdbcType=INTEGER},
      </if>
      <if test="img != null">
        img = #{img,jdbcType=VARCHAR},
      </if>
      <if test="bz1 != null">
        bz1 = #{bz1,jdbcType=INTEGER},
      </if>
      <if test="bz2 != null">
        bz2 = #{bz2,jdbcType=VARCHAR},
      </if>
    </set>
    where id = #{id,jdbcType=INTEGER}
  </update>
  
  <update id="updateByPrimaryKey" parameterType="com.mywork.pojo.Toyinfo">
    update toyinfo
    set toyname = #{toyname,jdbcType=VARCHAR},
      price = #{price,jdbcType=DOUBLE},
      toytype = #{toytype,jdbcType=INTEGER},
      istop = #{istop,jdbcType=INTEGER},
      isdown = #{isdown,jdbcType=INTEGER},
      totalnum = #{totalnum,jdbcType=INTEGER},
      num = #{num,jdbcType=INTEGER},
      img = #{img,jdbcType=VARCHAR},
      bz1 = #{bz1,jdbcType=INTEGER},
      bz2 = #{bz2,jdbcType=VARCHAR}
    where id = #{id,jdbcType=INTEGER}
  </update>

</mapper>