<?xml version="1.0" encoding="UTF-8" ?>
<!DOCTYPE mapper
  PUBLIC "-//mybatis.org//DTD Mapper 3.0//EN"
  "http://mybatis.org/dtd/mybatis-3-mapper.dtd">
<mapper namespace="com.mywork.mapper.UserMapper">
	
	<!-- ls 校验当前登录人存在 -->
	<select id="checklogin" resultType="com.mywork.pojo.User">
	<!-- select 项目:一定要跟实体类的属性字段一致.-->
		select userId,username,userpwd,realname,identity,sex,address,phone,position,roleid from user
		where username = #{0} and userpwd = #{1}
	</select>
	
	
	<!-- ls 校验当前登录人存在 -->
	<select id="checkpwdhf" resultType="com.mywork.pojo.User">
	<!-- select 项目:一定要跟实体类的属性字段一致.-->
		select userId,username,userpwd,realname,identity,sex,address,phone,position,roleid from user
		where phone = #{0} and username = #{1}
	</select>
	
	<!-- 新增用户 -->
	<insert id="insertUser" parameterType="com.mywork.pojo.User" useGeneratedKeys="true" keyProperty="userid">
 		insert into user(
 			<if test="userid != null and userid != 0">userid,</if>
 			<if test="username != null and username != ''">username,</if>
 			<if test="userpwd != null and userpwd != ''">userpwd,</if>
 			<if test="realname != null and realname != ''">realname,</if>
 			<if test="identity != null and identity != ''">identity,</if>
 			<if test="sex != null and sex != ''">sex,</if>
 			<if test="address != null and address != ''">address,</if>
 			<if test="phone != null and phone != ''">phone,</if>
 			<if test="position != null and position != ''">position,</if>
 			<if test="roleid != null and roleid != 0">roleid</if>
 		)values(
 			<if test="userid != null and userid != 0">#{userid},</if>
 			<if test="username != null and username != ''">#{username},</if>
 			<if test="userpwd != null and userpwd != ''">#{userpwd},</if>
 			<if test="realname != null and realname != ''">#{realname},</if>
 			<if test="identity != null and identity != ''">#{identity},</if>
 			<if test="sex != null and sex != ''">#{sex},</if>
 			<if test="address != null and address != ''">#{address},</if>
 			<if test="phone != null and phone != ''">#{phone},</if>
 			<if test="position != null and position != ''">#{position},</if>
 			<if test="roleid != null and roleid != 0">#{roleid}</if>
 		)
	</insert>
	
	
	<select id="selectByPhone" resultType="com.mywork.pojo.User" >
	select userid,username,userpwd,realname,identity,sex,address,phone, position,roleid from user
	 where  phone = #{phone}
	</select>
	
	<select id="selectByUsername" resultType="com.mywork.pojo.User" >
	select userid,username,userpwd,realname,identity,sex,address,phone, position,roleid from user
	 where  username = #{username}
	</select>
	
	<select id="selectcount" resultType="java.lang.Integer">
	select count(userid)  from user where roleid =2
	</select>
	
	
	<select id="selectUserInfo" resultType="com.mywork.pojo.User">
		select userId,username,userpwd,realname,identity,sex,address,phone,position,roleid from user
		where 1=1 
		<if test="username!=null">
			and username like CONCAT (CONCAT('%',#{username}),'%')
		</if>
		<if test="identity!=null">
			and identity like CONCAT (CONCAT('%',#{identity}),'%')
		</if>
		<if test="phone!=null">
			and phone = #{phone}
		</if>
	</select>
	

	<select id="findUserById"  resultType="com.mywork.pojo.User">
		select userid,username,userpwd,realname,identity,sex,address,phone,position 
		from user where userid=#{0}
	</select>

	<select id="findUserByName" resultType="com.mywork.pojo.User">
		select username,userpwd,realname,identity,sex,address,phone,position,roleid
		from user where username=#{0}
	</select>

<update id="updateUserByPhone" parameterType="com.mywork.pojo.User">
		update user set userpwd=#{userpwd}  where username=#{username} and phone=#{phone}
	</update>
	
	<insert id="addLoginlog">
		INSERT into loginlog(username,loginip,logintime) VALUES(#{0},#{1},#{2});
	</insert>
	
	<select id="findUsers" resultType="com.mywork.pojo.User" >
	select userid,username,userpwd,realname,identity,sex,address,phone, position,roleid from user
	<where>
		<if test="username!=null">
			username like concat(concat('%',#{username}),'%')
		</if>
		<if test="identity!=null">
			and identity=#{identity}
		</if>
		<if test="phone!=null">
			and phone = #{phone}
		</if>
	</where>
	</select>
	
	<delete id="deleteById">
		delete from user where userid = #{0}
	</delete>
	<insert id="addUser">
		insert into user (username,userpwd,realname,identity,sex,address,phone,position,roleid)
		value(#{username},#{userpwd},#{realname},
		#{identity},#{sex},#{address},#{phone},#{position},#{roleid})
	</insert>
	<update id="updateUser" parameterType="com.mywork.pojo.User">
		update user
		<set>
			<if test="username!=null"> username=#{username}, </if>
			<if test="userpwd!=null"> userpwd=#{userpwd}, </if>
			<if test="realname!=null"> realname=#{realname}, </if>
			<if test="identity!=null"> identity=#{identity}, </if>
			<if test="sex!=null"> sex=#{sex}, </if>
			<if test="address!=null"> address=#{address}, </if>
			<if test="phone!=null"> phone=#{phone}, </if>
			<if test="position!=null"> position=#{position}, </if>
			<if test="roleid!=null"> roleid=#{roleid} </if>
		</set>
		<where>
			userid = #{userid}
		</where>
	</update>
</mapper>