<?xml version="1.0" encoding="UTF-8"?> 
<beans xmlns="http://www.springframework.org/schema/beans"
	xmlns:xsi="http://www.w3.org/2001/XMLSchema-instance" xmlns:context="http://www.springframework.org/schema/context"
	xsi:schemaLocation="http://www.springframework.org/schema/beans
        http://www.springframework.org/schema/beans/spring-beans.xsd
        http://www.springframework.org/schema/context
        http://www.springframework.org/schema/context/spring-context.xsd"
        >

        
        <!-- 开启扫描，指定被扫描的package -->
       	<context:component-scan base-package="com.mywork.service"/>
       	
       	<!-- 加载jdbc.properties -->
       	<context:property-placeholder location="classpath*:jdbc.properties"/>
		
		<!-- 配置Spring文件上传处理类 -->
	<bean id="multipartResolver" class="org.springframework.web.multipart.commons.CommonsMultipartResolver" >
	    <property name="defaultEncoding" value="utf-8" />
	    <property name="maxInMemorySize" value="1000000" />
	    <property name="maxUploadSize" value="5000000"></property>
	</bean>

</beans>