<?xml version="1.0" encoding="UTF-8"?> 
<beans xmlns="http://www.springframework.org/schema/beans"
	xmlns:xsi="http://www.w3.org/2001/XMLSchema-instance"
	xmlns:tx="http://www.springframework.org/schema/tx" xmlns:aop="http://www.springframework.org/schema/aop"
	xsi:schemaLocation="http://www.springframework.org/schema/beans
        http://www.springframework.org/schema/beans/spring-beans.xsd
        http://www.springframework.org/schema/aop
        http://www.springframework.org/schema/aop/spring-aop.xsd
        http://www.springframework.org/schema/tx
        http://www.springframework.org/schema/tx/spring-tx.xsd"
        >
        
        <!-- transactionManager -->
        <bean id="transactionManager" class="org.springframework.jdbc.datasource.DataSourceTransactionManager">
        	<!-- 指定数据源 -->
        	<property name="dataSource" ref="dataSource"/>
        </bean>
        
        
        <tx:advice id="txAdvice" transaction-manager="transactionManager">
        	<tx:attributes>
        		<tx:method name="find*" read-only="true"/>
        		<tx:method name="get*" read-only="true"/>
        		<tx:method name="select*" read-only="true"/>
        		
        		<tx:method name="*" propagation="REQUIRED"/>
        	</tx:attributes>
        </tx:advice>
        
        <aop:config>
        	<aop:pointcut expression="execution(* com.mywork.service.*.*(..))" id="pointcut"/>
        	<aop:advisor advice-ref="txAdvice" pointcut-ref="pointcut"/>
        </aop:config>
        
</beans>