<?xml version="1.0" encoding="UTF-8"?>
<beans xmlns="http://www.springframework.org/schema/beans"
	xmlns:xsi="http://www.w3.org/2001/XMLSchema-instance"
	xsi:schemaLocation="http://www.springframework.org/schema/beans
        http://www.springframework.org/schema/beans/spring-beans.xsd">
        <!-- dataSource -->
        <bean id="dataSource" class="com.alibaba.druid.pool.DruidDataSource">
        	<property name="url" value="${jdbc.url}"></property>
        	<property name="username" value="${jdbc.username}"></property>
        	<property name="password" value="${jdbc.password}"></property>
        </bean>
        
        <!-- sqlSessionFactory -->
        <bean id="sqlSessionFactoryBean" class="org.mybatis.spring.SqlSessionFactoryBean">
        	<!-- 指定数据源 -->
        	<property name="dataSource" ref="dataSource"/>
        </bean>
        
        <!-- 配置mybatis -->
        <bean class="org.mybatis.spring.mapper.MapperScannerConfigurer">
        	<!-- 指定mybatis扫描package -->
        	<property name="basePackage" value="com.mywork.mapper"/>
        	<!-- 关联sqlSessionFactoryBean -->
        	<property name="sqlSessionFactoryBeanName" value="sqlSessionFactoryBean"/>
        </bean>
        
        
</beans>