<?xml version="1.0" encoding="UTF-8"?> 
<beans xmlns="http://www.springframework.org/schema/beans"
	xmlns:xsi="http://www.w3.org/2001/XMLSchema-instance" xmlns:context="http://www.springframework.org/schema/context"
    xmlns:aop="http://www.springframework.org/schema/aop"
	xmlns:mvc="http://www.springframework.org/schema/mvc"
	xsi:schemaLocation="http://www.springframework.org/schema/beans
        http://www.springframework.org/schema/beans/spring-beans.xsd
        http://www.springframework.org/schema/context
        http://www.springframework.org/schema/context/spring-context.xsd
        http://www.springframework.org/schema/aop
        http://www.springframework.org/schema/aop/spring-aop.xsd
        http://www.springframework.org/schema/mvc
        http://www.springframework.org/schema/mvc/spring-mvc.xsd">
	<!-- 开启扫描 -->
	<mvc:annotation-driven />
	<!-- 指定controller扫描的包 -->
	<context:component-scan base-package="com.mywork.controller" />
	<!-- 静态资源路径映射 -->
	<mvc:resources location="/WEB-INF/static/" mapping="/**"></mvc:resources>
	<!-- aop扫描 -->
	<aop:aspectj-autoproxy />  
	
	
	<!-- 视图解析器 -->
	<bean id="viewResolver"
		class="org.springframework.web.servlet.view.InternalResourceViewResolver">
		<!-- 前缀 -->
		<property name="prefix" value="/WEB-INF/pages/"></property>
		<!-- 后缀 -->
		<property name="suffix" value=".jsp"></property>
	</bean>
	 <!-- 拦截器 --> 
	<mvc:interceptors>
		<mvc:interceptor>
			<mvc:mapping path="/**" />  
			<!-- 新的样式 -->
			<mvc:exclude-mapping path="/**/js/*"/>
			<mvc:exclude-mapping path="/**/css/*"/>
			<mvc:exclude-mapping path="/**/img/*"/>
			<mvc:exclude-mapping path="/**/code"/>
			<mvc:exclude-mapping path="/**/userLogin"/>
			<mvc:exclude-mapping path="/**/register"/>
			
			<!--不登录直接访问  -->
			<mvc:exclude-mapping path="/**/index"/>
			<mvc:exclude-mapping path="/**/proDetail"/>
			<mvc:exclude-mapping path="/**/images/cars/*"/>
			<mvc:exclude-mapping path="/**/img/temp/*"/>
			<mvc:exclude-mapping path="/**/orderInfo"/>
			<mvc:exclude-mapping path="/**/orderCartInfo"/>
			<mvc:exclude-mapping path="/**/logout"/>
			
			<!-- 校验用户名和手机号合法性 -->
			<mvc:exclude-mapping path="/**/checkpwdhf"/>
			<mvc:exclude-mapping path="/**/updatePwdByPhone"/>
			<!-- 校验用户名和手机号合法性 -->
			
			<!--admin登录  -->
			<mvc:exclude-mapping path="/**/login"/>
			<mvc:exclude-mapping path="/**/icon/**"/>
			<mvc:exclude-mapping path="/**/adminlogin.css"/>
			<mvc:exclude-mapping path="/**/css/imges/**"/>
			
			
			<!-- 顶部和侧边栏直接提示登录 -->
			<mvc:exclude-mapping path="/**/cart"/>
			<mvc:exclude-mapping path="/**/mygxin"/>
			<mvc:exclude-mapping path="/**/custlogin"/>
			
			
			<!-- 测试订单 -->
			<!-- <mvc:exclude-mapping path="/**/orderReturn"/> -->
			
			<!--旧的样式  -->
			<mvc:exclude-mapping path="/**/images/*"/>
			<mvc:exclude-mapping path="/**/js1/*"/>
			<mvc:exclude-mapping path="/**/css1/*"/>
			<!--旧的样式  -->
			
			<bean class="com.mywork.interceptor.LoginCheck"/>
		</mvc:interceptor>
	
	</mvc:interceptors>
	



</beans>